revision,name,niveau,date,youtube,pdf,pdf_link
2,Snap,0,26/06/2019,,,
1,Born to be great,0,26/06/2019,,,
1,Save me tonight,0,26/06/2019,,,
1,I drink beer,0,26/06/2019,,,
2,Knockin’ Boots,0,19/06/2019,,,
1,By and by,0,19/06/2019,,,
1,Indian sound,0,19/06/2019,,,
2,Knockin’ Boots,0,12/06/2019,,,
1,Save me tonight,0,12/06/2019,,,
1,Clear Isabel,0,12/06/2019,,,
0,Knockin’ Boots,0,05/06/2019,https://www.youtube.com/watch?v=t-HiUyHZpEA,knockin_boots.pdf,https://res.cloudinary.com/dkxcax6es/image/upload/v1564905426/dml-laille/seed_danse/knockin_boots.pdf
1,I drink beer,0,05/06/2019,,,
1,Nothing but you,0,05/06/2019,,,
1,Save me tonight,0,05/06/2019,,,
0,I drink beer,0,29/05/2019,https://www.youtube.com/watch?v=kGM2Qd1yzj8&t=140s,i_drink_beer.pdf,https://res.cloudinary.com/dkxcax6es/image/upload/v1564905420/dml-laille/seed_danse/i_drink_beer.pdf
1,Hello heart,0,29/05/2019,,,
1,Nothing but you,0,29/05/2019,,,
1,Indian sound,0,29/05/2019,,,
1,Clear Isabel,0,29/05/2019,,,
0,Hello heart,0,22/05/2019,https://www.youtube.com/watch?v=t2FM_Vej7Zo&t=171s,hello_heart.pdf,https://res.cloudinary.com/dkxcax6es/image/upload/v1564905423/dml-laille/seed_danse/hello_heart.pdf
1,Nothing but you,0,22/05/2019,,,
1,Coffee days and the whiskey nights,0,22/05/2019,,,
1,By and by,0,22/05/2019,,,
0,Always remember,0,10/05/2019,https://www.youtube.com/watch?v=xkD_QQ7vZQM&t=242s,Always_Remember.pdf,https://res.cloudinary.com/dkxcax6es/image/upload/v1564905397/dml-laille/seed_danse/Always_Remember.pdf
1,Anything goes,0,10/05/2019,,,
1,Snap,0,10/05/2019,,,
2,Kiss me already,0,17/04/2019,,,
1,By and by,0,17/04/2019,,,
2,Strait down,0,10/04/2019,,,
1,Kiss me already,0,10/04/2019,,,
1,Georges strait,0,10/04/2019,,,
1,Snap,0,10/04/2019,,,
1,Indian sound,0,10/04/2019,,,
1,By and by,0,10/04/2019,,,
0,Strait down,0,03/04/2019,https://www.youtube.com/watch?v=ug0yVa7rYqM,strait_down.pdf,https://res.cloudinary.com/dkxcax6es/image/upload/v1564905399/dml-laille/seed_danse/strait_down.pdf
1,Kiss me already,0,03/04/2019,,,
1,By and by,0,03/04/2019,,,
0,Kiss me already,0,27/03/2019,https://www.youtube.com/watch?v=YTsk8CRCEtU,kiss_me_already.pdf,https://res.cloudinary.com/dkxcax6es/image/upload/v1564905421/dml-laille/seed_danse/kiss_me_already.pdf
2,Coffee days and the whiskey nights,0,20/03/2019,,,
1,Indian sound,0,20/03/2019,,,
1,Ghost town,0,20/03/2019,,,
1,Wiskey bridges,0,20/03/2019,,,
2,Indian sound,0,13/03/2019,,,
1,Anything goes,0,13/03/2019,,,
1,Around the sun,0,13/03/2019,,,
1,By and by,0,13/03/2019,,,
0,Indian sound,0,06/03/2019,https://www.youtube.com/watch?v=wMU2Zl-Bctk&t=216s,indian_sound.pdf,https://res.cloudinary.com/dkxcax6es/image/upload/v1564905421/dml-laille/seed_danse/indian_sound.pdf
1,Clear Isabel,0,06/03/2019,,,
1,Georges strait,0,06/03/2019,,,
0,By and by,0,27/02/2019,https://www.youtube.com/watch?v=l2HVEHUCKc4,by_and_by.pdf,https://res.cloudinary.com/dkxcax6es/image/upload/v1564905409/dml-laille/seed_danse/by_and_by.pdf
1,Clear Isabel,0,27/02/2019,,,
0,Save me tonight,0,06/02/2019,https://www.youtube.com/watch?v=yro4dt-bpGQ,save_me_tonight.pdf,https://res.cloudinary.com/dkxcax6es/image/upload/v1564905437/dml-laille/seed_danse/save_me_tonight.pdf
1,Clear Isabel,0,06/02/2019,,,
1,Around the sun,0,06/02/2019,,,
0,Clear Isabel,0,23/01/2019,https://www.youtube.com/watch?v=PdRl_R_pjxw,Clear_Isabel.pdf,https://res.cloudinary.com/dkxcax6es/image/upload/v1564905414/dml-laille/seed_danse/Clear_Isabel.pdf
1,Katchi,0,23/01/2019,,,
1,Wiskey bridges,0,23/01/2019,,,
1,Georges strait,0,23/01/2019,,,
0,Wiskey bridges,0,16/01/2019,https://www.youtube.com/watch?v=qVbPb84pP1U,whiskeybridges.pdf,https://res.cloudinary.com/dkxcax6es/image/upload/v1564905404/dml-laille/seed_danse/whiskey_bridges.pdf
1,Katchi,0,16/01/2019,,,
1,Ghost town,0,16/01/2019,,,
1,Snap,0,16/01/2019,,,
0,Katchi,0,09/01/2019,https://www.youtube.com/watch?v=6XgXbiuJjqU,Katchi.pdf,https://res.cloudinary.com/dkxcax6es/image/upload/v1564905422/dml-laille/seed_danse/Katchi.pdf
1,Texas time ez,0,09/01/2019,,,
1,Born to be great,0,09/01/2019,,,
1,Georges strait,0,09/01/2019,,,
2,Christmas cookies,0,04/12/2018,,,
1,Texas time ez,0,04/12/2018,,,
1,Born to be great,0,04/12/2018,,,
1,Georges strait,0,04/12/2018,,,
1,Snap,0,04/12/2018,,,
0,Texas time ez,0,28/11/2018,https://www.youtube.com/watch?v=SaJFmjFXjk0,TexastimeEZ.pdf,https://res.cloudinary.com/dkxcax6es/image/upload/v1564905400/dml-laille/seed_danse/TexastimeEZ.pdf
1,Georges strait,0,28/11/2018,,,
1,Ghost town,0,28/11/2018,,,
0,Born to be great,0,21/11/2018,https://www.youtube.com/watch?v=O-gXwSDoIxg,Born_to_be_great.pdf,https://res.cloudinary.com/dkxcax6es/image/upload/v1564905408/dml-laille/seed_danse/Born_to_be_great.pdf
1,Georges strait,0,21/11/2018,,,
1,Ghost town,0,21/11/2018,,,
1,Snap,0,21/11/2018,,,
0,Georges strait,0,14/11/2018,https://www.youtube.com/watch?v=Jijp_y0vBbg,georges_strait.pdf,https://res.cloudinary.com/dkxcax6es/image/upload/v1564905419/dml-laille/seed_danse/georges_strait.pdf
1,Snap,0,14/11/2018,,,
2,Snap,0,07/11/2018,,,
1,Bill's Basic,0,07/11/2018,,,
1,Dixie dance,0,07/11/2018,,,
1,Ghost town,0,07/11/2018,,,
1,Anything goes,0,07/11/2018,,,
2,Snap,0,31/10/2018,,,
1,Simply shuflle,0,31/10/2018,,,
1,Bill's Basic,0,31/10/2018,,,
1,Dixie dance,0,31/10/2018,,,
1,Ghost town,0,31/10/2018,,,
2,Snap,0,17/10/2018,,,
1,Lindi Shuffle,0,17/10/2018,,,
1,Bill's Basic,0,17/10/2018,,,
1,Ghost town,0,17/10/2018,,,
0,Snap,0,10/10/2018,https://www.youtube.com/watch?v=WKBKLo4EiB0&feature=youtu.be,snap.pdf,https://res.cloudinary.com/dkxcax6es/image/upload/v1564905399/dml-laille/seed_danse/snap.pdf
1,Lindi Shuffle,0,10/10/2018,,,
1,Bill's Basic,0,10/10/2018,,,
1,Ghost town,0,10/10/2018,,,
0,Bill's Basic,0,03/10/2018,https://www.youtube.com/watch?v=gkLBnBS2evU,bills_Bbasic.pdf,https://res.cloudinary.com/dkxcax6es/image/upload/v1564905405/dml-laille/seed_danse/bills_Bbasic.pdf
0,Ghost town,0,03/10/2018,https://www.youtube.com/watch?v=tdh7F0pQrrM&t=157s,ghost-town.pdf,https://res.cloudinary.com/dkxcax6es/image/upload/v1564905417/dml-laille/seed_danse/ghost-town.pdf
1,Lundi Shuffle,0,03/10/2018,,,
1,Anything goes,0,03/10/2018,,,
0,Lindi Shuffle,0,26/09/2018,https://www.youtube.com/watch?v=GoNpXAbqFIY,lindi_shuffle.pdf,https://res.cloudinary.com/dkxcax6es/image/upload/v1564905428/dml-laille/seed_danse/lindi_shuffle.pdf
1,Anything goes,0,26/09/2018,,,
1,Simply shuflle,0,26/09/2018,,,
1,Dixie dance,0,26/09/2018,,,
0,Anything goes,0,19/09/2018,https://www.youtube.com/watch?v=nT8Da9l5Id8,anything_goes.pdf,https://res.cloudinary.com/dkxcax6es/image/upload/v1564905402/dml-laille/seed_danse/anything_goes.pdf
0,Dixie dance,0,19/09/2018,https://www.youtube.com/watch?v=6mgp4HvI_ts,dixie_dance.pdf,https://res.cloudinary.com/dkxcax6es/image/upload/v1564905416/dml-laille/seed_danse/dixie_dance.pdf
0,Simply shuflle,0,19/09/2018,https://www.youtube.com/watch?v=maO5deXsIU0&t=0s&index=5&list=LLUQ-huBGR1P0inGHmhohD6g,simply_shuffle.pdf,https://res.cloudinary.com/dkxcax6es/image/upload/v1564905393/dml-laille/seed_danse/simply_shuffle.pdf
2,Nothing but you,1,19/06/2019,,,
1,Love me some you,1,19/06/2019,,,
1,Bring down the house,1,19/06/2019,,,
1,Eyes on you,1,19/06/2019,,,
1,Story,1,19/06/2019,,,
1,Celtic Duo,1,19/06/2019,,,
1,Day of the dead,1,19/06/2019,,,
0,Love me some you,1,12/06/2019,https://www.youtube.com/watch?v=yyxDx694KC4&t=364s,Love_me_some_you.pdf,https://res.cloudinary.com/dkxcax6es/image/upload/v1564905431/dml-laille/seed_danse/Love_me_some_you.pdf
1,John Henry,1,12/06/2019,,,
1,321,1,12/06/2019,,,
1,Must be the whiskey,1,12/06/2019,,,
1,Eyes on you,1,12/06/2019,,,
0,John Henry,1,05/06/2019,https://www.youtube.com/watch?v=2RQTpGzaX8o,john_henry.pdf,https://res.cloudinary.com/dkxcax6es/image/upload/v1564905420/dml-laille/seed_danse/john_henry.pdf
1,321,1,05/06/2019,,,
1,Knockin’ Boots,1,05/06/2019,,,
1,Nothing but you,1,05/06/2019,,,
1,Bud light Blue,1,05/06/2019,,,
0,321,1,29/05/2019,https://www.youtube.com/watch?v=fTAnBAkoYbQ&t=273s,321.pdf,https://res.cloudinary.com/dkxcax6es/image/upload/v1564905402/dml-laille/seed_danse/321.pdf
2,Straight to hell O,1,22/05/2019,https://www.youtube.com/watch?v=c9G6k3HFxrs,Straight_to_hell_O.pdf,https://res.cloudinary.com/dkxcax6es/image/upload/v1564905394/dml-laille/seed_danse/Straight_to_hell_O.pdf
1,Knockin’ Boots,1,22/05/2019,https://www.youtube.com/watch?v=t-HiUyHZpEA,knockin_boots.pdf,https://res.cloudinary.com/dkxcax6es/image/upload/v1564905426/dml-laille/seed_danse/knockin_boots.pdf
1,Like a fine wine,1,22/05/2019,,,
1,Always remember,1,22/05/2019,,,
1,Seven,1,22/05/2019,,,
1,Noise,1,22/05/2019,,,
1,I'll be there,1,22/05/2019,,,
1,Nothing but you,1,22/05/2019,,,
0,Like a fine wine,1,15/05/2019,https://www.youtube.com/watch?v=KwS9FAT0O7s,like_a_fine_wine.pdf,https://res.cloudinary.com/dkxcax6es/image/upload/v1564905431/dml-laille/seed_danse/like_a_fine_wine.pdf
1,Always remember,1,15/05/2019,,,
1,Must be the whiskey,1,15/05/2019,,,
1,Noise,1,15/05/2019,,,
1,I'll be there,1,15/05/2019,,,
1,Nothing but you,1,15/05/2019,,,
0,Always remember,1,10/05/2019,https://www.youtube.com/results?search_query=always+remember+line+dance+david+linger,Always_Remember.pdf,https://res.cloudinary.com/dkxcax6es/image/upload/v1564905397/dml-laille/seed_danse/Always_Remember.pdf
1,Eyes on you,1,10/05/2019,,,
1,Celtic Duo,1,10/05/2019,,,
1,I'll be there,1,10/05/2019,,,
1,Nothing but you,1,10/05/2019,,,
2,Eyes on you,1,10/04/2019,,,
1,Must be the whiskey,1,10/04/2019,,,
1,Noise,1,10/04/2019,,,
1,Roots,1,10/04/2019,,,
1,Don't let her be gone,1,10/04/2019,,,
1,I be u be,1,10/04/2019,,,
0,Nothing but you,1,03/04/2019,https://www.youtube.com/watch?v=aFdKyX4Kx_s&t=18s,nothing_but_you.pdf,https://res.cloudinary.com/dkxcax6es/image/upload/v1564905435/dml-laille/seed_danse/nothing_but_you.pdf
1,I'll be there,1,03/04/2019,,,
1,The arena,1,03/04/2019,,,
1,Eyes on you,1,03/04/2019,,,
0,Noise,1,27/03/2019,https://www.youtube.com/watch?v=ygokYo3Ah44,noise.pdf,https://res.cloudinary.com/dkxcax6es/image/upload/v1564905433/dml-laille/seed_danse/noise.pdf
1,I'll be there,1,27/03/2019,,,
1,Bud light Blue,1,27/03/2019,,,
1,Wide open,1,27/03/2019,,,
1,Soldier,1,27/03/2019,,,
1,Chasing down a good time,1,27/03/2019,,,
0,I'll be there,1,20/03/2019,https://www.youtube.com/watch?v=bkq8pTiXplA&t=12s,i_ll_bet_here.pdf,https://res.cloudinary.com/dkxcax6es/image/upload/v1564905428/dml-laille/seed_danse/i_ll_bet_here.pdf
1,Bud light Blue,1,20/03/2019,,,
1,Let's go there,1,20/03/2019,,,
1,Old and grey,1,20/03/2019,,,
1,Damn,1,20/03/2019,,,
1,Eyes on you,1,20/03/2019,,,
2,Bud light Blue,1,13/03/2019,,,
1,I got this too,1,13/03/2019,,,
1,I be u be,1,13/03/2019,,,
1,Old and grey,1,13/03/2019,,,
1,Wild horse,1,13/03/2019,,,
0,Bud light Blue,1,06/03/2019,https://www.youtube.com/watch?v=ZSVG9Dh1xPQ&t=238s,bud_light_blue.pdf,https://res.cloudinary.com/dkxcax6es/image/upload/v1564905408/dml-laille/seed_danse/bud_light_blue.pdf
1,Old and grey,1,06/03/2019,,,
1,The arena,1,06/03/2019,,,
1,Just a burning man,1,06/03/2019,,,
0,Old and grey,1,27/02/2019,https://www.youtube.com/watch?v=pbtf7rYyN_Q,old_and_grey.pdf,https://res.cloudinary.com/dkxcax6es/image/upload/v1564905435/dml-laille/seed_danse/old_and_grey.pdf
1,Damn,1,27/02/2019,,,
1,Champagne promise,1,27/02/2019,,,
1,Wide open,1,27/02/2019,,,
1,Locash,1,27/02/2019,,,
1,Story,1,27/02/2019,,,
0,The arena,1,03/02/2019,https://www.youtube.com/watch?v=awhhNvCBSXg,the_arena.pdf,https://res.cloudinary.com/dkxcax6es/image/upload/v1564905398/dml-laille/seed_danse/the_arena.pdf
1,That's up,1,03/02/2019,,,
1,Let's go there,1,03/02/2019,,,
1,Wide open,1,03/02/2019,,,
0,Wide open,1,29/01/2019,https://www.youtube.com/watch?v=OdNGTyzdMB0,wide_open.pdf,https://res.cloudinary.com/dkxcax6es/image/upload/v1564905404/dml-laille/seed_danse/wide_open.pdf
1,Seven,1,29/01/2019,,,
1,Lay low,1,29/01/2019,,,
1,Eyes on you,1,29/01/2019,,,
1,Woman amen,1,29/01/2019,,,
1,Open your eyes,1,29/01/2019,,,
0,Smooth like the summer,1,23/01/2019,https://www.youtube.com/watch?v=nkpurAUEeGM,smooth_like_the_summer.pdf,https://res.cloudinary.com/dkxcax6es/image/upload/v1564905394/dml-laille/seed_danse/smooth_like_the_summer.pdf
1,Damn,1,23/01/2019,,,
1,Story,1,23/01/2019,,,
1,Day of the dead,1,23/01/2019,,,
1,Seven,1,23/01/2019,,,
0,Seven,1,16/01/2019,https://www.youtube.com/watch?v=e5xFZzT_xO0&t=10s,seven.pdf,https://res.cloudinary.com/dkxcax6es/image/upload/v1564905396/dml-laille/seed_danse/seven.pdf
1,Wild horse,1,16/01/2019,,,
1,Just a burning man,1,16/01/2019,,,
1,Celtic Duo,1,16/01/2019,,,
0,Just a burning man,1,16/01/2019,https://www.youtube.com/watch?v=vZPHzqQt8qw,just_a_burning_man.pdf,https://res.cloudinary.com/dkxcax6es/image/upload/v1564905421/dml-laille/seed_danse/just_a_burning_man.pdf
0,Wild horse,1,09/01/2019,https://www.youtube.com/watch?v=kgZVQbZu-nI,wilde_horse.pdf,https://res.cloudinary.com/dkxcax6es/image/upload/v1564905403/dml-laille/seed_danse/wilde_horse.pdf
1,Locash,1,09/01/2019,,,
1,Must be the whiskey,1,09/01/2019,,,
1,Damn,1,09/01/2019,,,
1,Let's go there,1,09/01/2019,,,
2,Must be the whiskey,1,12/12/2018,,,
1,Damn,1,12/12/2018,,,
1,Let's go there,1,12/12/2018,,,
1,8th day,1,12/12/2018,,,
1,Cards on the table,1,12/12/2018,,,
1,Woman amen,1,12/12/2018,,,
2,Snap,1,04/04/2018,,,
1,Ghost town,1,04/04/2018,,,
1,Must be the whiskey,1,04/04/2018,,,
1,Damn,1,04/04/2018,,,
1,Locash,1,04/04/2018,,,
1,Soldier,1,04/04/2018,,,
1,Insecure,1,04/04/2018,,,
0,Must be the whiskey,1,28/11/2018,https://www.youtube.com/watch?v=d_w6YLNsGWk,must_be_the_whiskey.pdf,https://res.cloudinary.com/dkxcax6es/image/upload/v1564905431/dml-laille/seed_danse/must_be_the_whiskey.pdf
1,Celtic Duo,1,28/11/2018,,,
1,Damn,1,28/11/2018,,,
1,Bush party,1,28/11/2018,,,
1,Just a burning man,1,28/11/2018,,,
0,Damn,1,21/11/2018,https://www.youtube.com/watch?v=9E2JR9k_SDU,Damn.pdf,https://res.cloudinary.com/dkxcax6es/image/upload/v1564905417/dml-laille/seed_danse/Damn.pdf
1,Celtic Duo,1,21/11/2018,,,
1,Locash,1,21/11/2018,,,
1,Gypsy queen,1,21/11/2018,,,
1,Bring down the house,1,21/11/2018,,,
1,Clear Isabel,1,21/11/2018,,,
0,Locash,1,14/11/2018,https://www.youtube.com/watch?v=a_rhN79oXcE&fbclid=IwAR2FFq1FFx4d-8CRjSJxUcK3nRC83jPU8TC_RQT-2QugCJj8MlDQE8UN-Ws,locash.pdf,https://res.cloudinary.com/dkxcax6es/image/upload/v1564905427/dml-laille/seed_danse/locash.pdf
1,Sweet hurt,1,14/11/2018,,,
1,Champagne promise,1,14/11/2018,,,
1,8th day,1,14/11/2018,,,
1,Dancing around it,1,14/11/2018,,,
1,Celtic Duo,1,14/11/2018,,,
1,Cards on the table,1,14/11/2018,,,
1,Day of the dead,1,14/11/2018,,,
2,Eyes on you,1,07/11/2018,,,
1,I got this too,1,07/11/2018,,,
1,I be u be,1,07/11/2018,,,
1,Chasing down a good time,1,07/11/2018,,,
1,Open your eyes,1,07/11/2018,,,
1,Ouzo and black,1,07/11/2018,,,
1,Circle of crows,1,07/11/2018,,,
0,Circle of crows,1,31/10/2018,https://www.youtube.com/watch?v=GiS2QgibMU8,Circle_of_crows.pdf,https://res.cloudinary.com/dkxcax6es/image/upload/v1564905413/dml-laille/seed_danse/Circle_of_crows.pdf
1,Eyes on you,1,31/10/2018,,,
1,Champagne promise,1,31/10/2018,,,
1,Woman amen,1,31/10/2018,,,
1,Lonely drum,1,31/10/2018,,,
1,Let's go there,1,31/10/2018,,,
0,Eyes on you,1,17/10/2018,https://www.youtube.com/watch?v=1XzYeXkmsos,eyes_on_you.pdf,https://res.cloudinary.com/dkxcax6es/image/upload/v1564905420/dml-laille/seed_danse/eyes_on_you.pdf
1,Champagne promise,1,17/10/2018,,,
1,Galway girls,1,17/10/2018,,,
1,Drunk in heels,1,17/10/2018,,,
0,Champagne promise,1,10/10/2018,https://www.youtube.com/watch?v=54i2I9RiGUk&t=174s,Champagne_promise.pdf,https://res.cloudinary.com/dkxcax6es/image/upload/v1564905415/dml-laille/seed_danse/Champagne_promise.pdf
1,Celtic Duo,1,10/10/2018,,,
1,8th day,1,10/10/2018,,,
1,Cards on the table,1,10/10/2018,,,
1,Story,1,10/10/2018,,,
1,Let's go there,1,10/10/2018,,,
0,Celtic Duo,1,03/10/2018,https://www.youtube.com/watch?v=CZyUUwqHrig&t=288s,celtic_duo.pdf,https://res.cloudinary.com/dkxcax6es/image/upload/v1564905409/dml-laille/seed_danse/celtic_duo.pdf
1,Day of the dead,1,03/10/2018,,,
1,Ghost town,1,03/10/2018,,,
1,Cards on the table,1,03/10/2018,,,
1,Story,1,03/10/2018,,,
1,Let's go there,1,03/10/2018,,,
0,8th day,1,26/09/2018,https://www.youtube.com/watch?v=xGDTig4b_rY,8th_day.pdf,https://res.cloudinary.com/dkxcax6es/image/upload/v1564905393/dml-laille/seed_danse/8th_day.pdf
0,Ghost town,1,26/06/2018,https://www.youtube.com/watch?v=tdh7F0pQrrM&t=157s,ghost-town.pdf,https://res.cloudinary.com/dkxcax6es/image/upload/v1564905417/dml-laille/seed_danse/ghost-town.pdf
0,Story,1,19/09/2018,https://www.youtube.com/watch?v=s2Ww88MqBK0,story.pdf,https://res.cloudinary.com/dkxcax6es/image/upload/v1564905396/dml-laille/seed_danse/story.pdf
2,Indian sound,1,12/09/2018,,,
1,I got a woman,1,12/09/2018,,,
1,Soldier,1,12/09/2018,,,
1,Roots,1,12/09/2018,,,
1,Day of the dead,1,12/09/2018,,,
2,See ya Cecilia ,2,25/06/2019,,,
1,Those were the nights,2,25/06/2019,,,
1,Born to love you,2,25/06/2019,,,
1,Tightrope,2,25/06/2019,,,
2,Shadows,2,19/06/2019,,,
1,Those were the nights,2,19/06/2019,,,
1,Majestic,2,19/06/2019,,,
1,White whisky,2,19/06/2019,,,
1,Perfect place,2,19/06/2019,,,
1,See ya Cecilia,2,19/06/2019,,,
2,Shadows,2,12/06/2019,,,
1,Born to love you,2,12/06/2019,,,
2,Shadows,2,05/06/2019,,,
1,All day all night,2,05/06/2019,,,
1,Long live the nights,2,05/06/2019,,,
0,Shadows,2,29/05/2019,https://www.youtube.com/watch?v=wN9KM1FewXU&t=2s%22,shadows.pdf,https://res.cloudinary.com/dkxcax6es/image/upload/v1564905393/dml-laille/seed_danse/shadows.pdf
2,All day all night,2,29/05/2019,,,
1,Long live the nights,2,29/05/2019,,,
1,Born to love you,2,29/05/2019,,,
0,All day all night,2,22/05/2019,https://www.youtube.com/watch?v=HQScLVnJUes,all_day_all_night.pdf,https://res.cloudinary.com/dkxcax6es/image/upload/v1564905394/dml-laille/seed_danse/all_day_all_night.pdf
1,Long live the nights,2,22/05/2019,,,
1,Chasin' tail lights,2,22/05/2019,,,
1,Bound ta git down,2,22/05/2019,,,
2,Long live the nights,2,15/05/2019,https://www.youtube.com/watch?v=RkiUPLMTv6M,long live the nights.pdf,https://res.cloudinary.com/dkxcax6es/image/upload/v1564905430/dml-laille/seed_danse/long_live_the_nights.pdf
1,Kinda like now,2,15/05/2019,,,
1,Those were the nights,2,15/05/2019,,,
1,See ya Cecilia,2,15/05/2019,,,
1,Master of tides,2,15/05/2019,,,
2,See ya Cecilia,2,10/05/2019,,,
1,She's with me,2,10/05/2019,,,
1,Perfect place,2,10/05/2019,,,
1,Thigtrope,2,10/05/2019,,,
1,Master of tides,2,10/05/2019,,,
0,Bound ta git down,2,10/04/2019,https://www.youtube.com/watch?v=QQy2cbblsm4,bound_ta_git_down.pdf,https://res.cloudinary.com/dkxcax6es/image/upload/v1564905415/dml-laille/seed_danse/bound_ta_git_down.pdf
0,Those were the nights,2,10/04/2019,https://www.youtube.com/watch?v=GF1XgGgzhrk&t=164s,those_were_the_nights.pdf,https://res.cloudinary.com/dkxcax6es/image/upload/v1564905406/dml-laille/seed_danse/those_were_the_nights.pdf
0,Perfect place,2,03/04/2019,https://www.youtube.com/watch?v=OzvDU_Ph4qc,perfect_place.pdf,https://res.cloudinary.com/dkxcax6es/image/upload/v1564905436/dml-laille/seed_danse/perfect_place.pdf
0,Farmers wife,2,03/04/2019,https://www.youtube.com/watch?v=30xz9omD-L0,farmers_wife.pdf,https://res.cloudinary.com/dkxcax6es/image/upload/v1564905417/dml-laille/seed_danse/farmers_wife.pdf
0,Nothing but you,2,27/03/2019,https://www.youtube.com/watch?v=69baE1HVi2k,nothing_but_you.pdf,https://res.cloudinary.com/dkxcax6es/image/upload/v1564905435/dml-laille/seed_danse/nothing_but_you.pdf
2,Hearts on fire,2,27/03/2019,,,
1,Cowgirls,2,27/03/2019,,,
2,Hearts on fire,2,13/03/2019,,,
1,Chasin' tail lights,2,13/03/2019,,,
1,Girl of the summer,2,13/03/2019,,,
1,Majestic,2,13/03/2019,,,
0,Hearts on fire,2,06/03/2019,https://www.youtube.com/watch?v=7akLkHTcXLQ&t=19s,hearts_on_fire.pdf,https://res.cloudinary.com/dkxcax6es/image/upload/v1564905420/dml-laille/seed_danse/hearts_on_fire.pdf
2,Chasin' tail lights,2,06/03/2019,,,
1,Born to love you,2,06/03/2019,,,
1,White whisky,2,06/03/2019,,,
0,Chasin' tail lights,2,27/02/2019,https://www.youtube.com/watch?v=-bbZlpk0_W8,chasin_tail_lights.pdf,https://res.cloudinary.com/dkxcax6es/image/upload/v1564905412/dml-laille/seed_danse/chasin_tail_lights.pdf
2,Cowgirls,2,27/02/2019,,,
1,Born to love you,2,27/02/2019,,,
1,White whisky,2,27/02/2019,,,
0,Cowgirls,2,06/02/2019,https://www.youtube.com/watch?v=WMvZsANh1aY,cowgirls.pdf,https://res.cloudinary.com/dkxcax6es/image/upload/v1564905418/dml-laille/seed_danse/cowgirls.pdf
2,White whisky,2,06/02/2019,,,
1,Kinda like now,2,06/02/2019,,,
1,Majestic,2,06/02/2019,,,
1,Girl of the summer,2,06/02/2019,,,
0,Girl of the summer,2,29/01/2019,,girl_of_the_summer.pdf,https://res.cloudinary.com/dkxcax6es/image/upload/v1564905420/dml-laille/seed_danse/girl_of_the_summer.pdf
2,White whisky,2,29/01/2019,,,
1,Kinda like now,2,29/01/2019,,,
1,Majestic,2,29/01/2019,,,
2,Kinda like now,2,23/01/2019,,,
1,Majestic,2,23/01/2019,,,
0,Majestic,2,16/01/2019,https://www.youtube.com/watch?v=XRGrnDZEhFw&t=26s,Majestic.pdf,https://res.cloudinary.com/dkxcax6es/image/upload/v1564905434/dml-laille/seed_danse/Majestic.pdf
0,Kinda like now,2,16/01/2019,https://www.youtube.com/watch?v=O41XYXuIc7E,Kinda_like_now.pdf,https://res.cloudinary.com/dkxcax6es/image/upload/v1564905428/dml-laille/seed_danse/Kinda_like_now.pdf
0,White whisky,2,09/01/2019,https://www.youtube.com/watch?v=tcDR5ONoVCQ,white_whisky.pdf,https://res.cloudinary.com/dkxcax6es/image/upload/v1564905405/dml-laille/seed_danse/white_whisky.pdf
2,Born to love you,2,09/01/2019,,,
1,Think your present,2,09/01/2019,,,
2,Born to love you,2,12/12/2018,,,
1,Boots,2,12/12/2018,,,
1,See ya Cecilia,2,12/12/2018,,,
1,Think your present,2,12/12/2018,,,
1,All the king horses,2,12/12/2018,,,
0,Born to love you,2,04/12/2018,https://www.youtube.com/watch?v=RxGPHl3vjrw,born_to_love_you.pdf,https://res.cloudinary.com/dkxcax6es/image/upload/v1564905406/dml-laille/seed_danse/born_to_love_you.pdf
2,Party,2,04/12/2018,,,
1,She's with me,2,04/12/2018,,,
0,She's with me,2,28/11/2018,ttps://www.youtube.com/watch?v=5F2mhdfhi08,shes_with_me.pdf,https://res.cloudinary.com/dkxcax6es/image/upload/v1564905396/dml-laille/seed_danse/shes_with_me.pdf
2,Party,2,28/11/2018,,,
1,Tightrope,2,28/11/2018,,,
0,Party,2,21/11/2018,https://www.youtube.com/watch?v=mVruWq0BOsE,party.pdf,https://res.cloudinary.com/dkxcax6es/image/upload/v1564905437/dml-laille/seed_danse/party.pdf
1,Master of tides,2,21/11/2018,,,
1,Tightrope,2,21/11/2018,,,
0,Tightrope,2,14/11/2018,https://www.youtube.com/watch?v=HA2pldwocsQ&t=411s,tightrope.pdf,
2,See ya Cecilia,2,14/11/2018,,,
2,See ya Cecilia,2,07/11/2018,,,
1,Boots,2,07/11/2018,,,
1,All the king horses,2,07/11/2018,,,
1,Think your present,2,07/11/2018,,,
1,Master of tides,2,07/11/2018,,,
2,See ya Cecilia,2,31/10/2018,,,
1,Boots,2,31/10/2018,,,
0,Boots,2,17/10/2018,https://www.youtube.com/watch?v=TwEgu3uHHjw,Boots.pdf,https://res.cloudinary.com/dkxcax6es/image/upload/v1564905409/dml-laille/seed_danse/Boots.pdf
0,See ya Cecilia,2,17/10/2018,https://www.youtube.com/watch?v=BDfcoRFVlcg,See_ya_Cecilia.pdf,https://res.cloudinary.com/dkxcax6es/image/upload/v1564905441/dml-laille/seed_danse/See_ya_Cecilia.pdf
0,Think your present,2,10/10/2018,https://www.youtube.com/watch?v=uv2qOZuGt74,Think_your_present.pdf,https://res.cloudinary.com/dkxcax6es/image/upload/v1564905400/dml-laille/seed_danse/Think_your_present.pdf
2,All the king horses,2,10/10/2018,,,
1,Master of tides,2,10/10/2018,,,
0,All the king horses,2,03/10/2018,https://www.youtube.com/watch?v=aD4DYB3mkOk,all_the_kings_horse.pdf,https://res.cloudinary.com/dkxcax6es/image/upload/v1564905402/dml-laille/seed_danse/all_the_kings_horse.pdf
1,Master of tides,2,03/10/2018,,,
0,Master of tides,2,26/09/2018,ttps://www.youtube.com/watch?v=0lSlgnhJrZc,master_of_tides.pdf,https://res.cloudinary.com/dkxcax6es/image/upload/v1564905435/dml-laille/seed_danse/master_of_tides.pdf
0,Cards on the table,2,19/09/2018,https://www.youtube.com/watch?v=KGiepHlsOuc,cards_on_the_the_table.pdf,https://res.cloudinary.com/dkxcax6es/image/upload/v1564905409/dml-laille/seed_danse/cards_on_the_the_table.pdf
2,Woman amen,2,19/09/2018,,,
1,Another crazy year,2,19/09/2018,,,
0,Let's go there,2,12/09/2018,https://www.youtube.com/watch?v=mVKG2n4FCRU,Lets_go_there.pdf,https://res.cloudinary.com/dkxcax6es/image/upload/v1564905425/dml-laille/seed_danse/Lets_go_there.pdf
2,I got this too,2,12/09/2018,,,
1,Open your eyes,2,12/09/2018,,,
1,Female,2,12/09/2018,,,
1,Home we'll go,2,12/09/2018,,,
